material_id,course_id,title,version,material_type,topics_json,source_label,rights_status,access_scope,file_ref,pdf_ref,sha256,page_count,readable_pages,content_available,extraction_status,metadata_json
study-s1-calculus-6e53f8532c216ccc,y1-s1-calculus,高数期末复习,sha256:6e53f8532c216ccc6874fc9a3248c796665f8ba34c16242929591963e2fb6cdd,note,"[""极限"", ""连续"", ""导数"", ""微分"", ""积分"", ""微分方程"", ""偏导"", ""曲线""]",用户提供的大一期末复习资料；第三方来源/年份按原文件名保留，未核验官方真题身份,authorized,public,knowledge/study/sources/year1/text/study-s1-calculus-6e53f8532c216ccc.md,knowledge/study/sources/year1/pdf/study-s1-calculus-6e53f8532c216ccc.pdf,6e53f8532c216ccc6874fc9a3248c796665f8ba34c16242929591963e2fb6cdd,13,13,1,all_pages_indexed_unverified,"{""semester"": ""s1"", ""source_ref"": ""s1/大一上期末复习.zip/高数期末复习.pdf"", ""page_count"": 13, ""readable_pages"": 13, ""pdf_ref"": ""knowledge/study/sources/year1/pdf/study-s1-calculus-6e53f8532c216ccc.pdf"", ""sha256"": ""6e53f8532c216ccc6874fc9a3248c796665f8ba34c16242929591963e2fb6cdd"", ""review_status"": ""not_manually_reviewed"", ""authorization_basis"": ""用户于2026-09-30确认全部资料已获许可，可公开给项目用户使用"", ""warnings"": [""内部 course_id 为暂定映射；官方课程代码未填写"", ""文件名不证明学校/年份/真题身份"", ""仅有目录或缺页不得声称完整正文总结""]}"
study-s1-ideology-e834581c52ce1f41,y1-s1-ideology,1_思修大题11,sha256:e834581c52ce1f41575d911c0b2105b1ee2a710ee700723e2020ec26050535af,exercise,"[""理想"", ""信念"", ""道德"", ""法治"", ""价值观"", ""人生"", ""爱国"", ""宪法""]",用户提供的大一期末复习资料；第三方来源/年份按原文件名保留，未核验官方真题身份,authorized,public,knowledge/study/sources/year1/text/study-s1-ideology-e834581c52ce1f41.md,knowledge/study/sources/year1/pdf/study-s1-ideology-e834581c52ce1f41.pdf,e834581c52ce1f41575d911c0b2105b1ee2a710ee700723e2020ec26050535af,13,13,1,all_pages_indexed_unverified,"{""semester"": ""s1"", ""source_ref"": ""s1/大一上期末复习.zip/思政复习/1_思修大题11.pdf"", ""page_count"": 13, ""readable_pages"": 13, ""pdf_ref"": ""knowledge/study/sources/year1/pdf/study-s1-ideology-e834581c52ce1f41.pdf"", ""sha256"": ""e834581c52ce1f41575d911c0b2105b1ee2a710ee700723e2020ec26050535af"", ""review_status"": ""not_manually_reviewed"", ""authorization_basis"": ""用户于2026-09-30确认全部资料已获许可，可公开给项目用户使用"", ""warnings"": [""内部 course_id 为暂定映射；官方课程代码未填写"", ""文件名不证明学校/年份/真题身份"", ""仅有目录或缺页不得声称完整正文总结""]}"
study-s1-ideology-8a05a12b1b8a7e09,y1-s1-ideology,1_思政复习,sha256:8a05a12b1b8a7e09fdc98e10a94b62ef9d844624bb12c1b901907540c2d7e57c,note,"[""理想"", ""信念"", ""道德"", ""法治"", ""价值观"", ""人生"", ""爱国"", ""宪法""]",用户提供的大一期末复习资料；第三方来源/年份按原文件名保留，未核验官方真题身份,authorized,public,knowledge/study/sources/year1/text/study-s1-ideology-8a05a12b1b8a7e09.md,knowledge/study/sources/year1/pdf/study-s1-ideology-8a05a12b1b8a7e09.pdf,8a05a12b1b8a7e09fdc98e10a94b62ef9d844624bb12c1b901907540c2d7e57c,13,13,1,all_pages_indexed_unverified,"{""semester"": ""s1"", ""source_ref"": ""s1/大一上期末复习.zip/思政复习/1_思政复习.pdf"", ""page_count"": 13, ""readable_pages"": 13, ""pdf_ref"": ""knowledge/study/sources/year1/pdf/study-s1-ideology-8a05a12b1b8a7e09.pdf"", ""sha256"": ""8a05a12b1b8a7e09fdc98e10a94b62ef9d844624bb12c1b901907540c2d7e57c"", ""review_status"": ""not_manually_reviewed"", ""authorization_basis"": ""用户于2026-09-30确认全部资料已获许可，可公开给项目用户使用"", ""warnings"": [""内部 course_id 为暂定映射；官方课程代码未填写"", ""文件名不证明学校/年份/真题身份"", ""仅有目录或缺页不得声称完整正文总结""]}"
study-s1-ideology-2146cd59f5c57d41,y1-s1-ideology,思修考前背诵版(1),sha256:2146cd59f5c57d412a536bf723ac152e60d9a0f9493a116fcbbc38d5caed1e19,note,"[""理想"", ""信念"", ""道德"", ""法治"", ""价值观"", ""人生"", ""爱国""]",用户提供的大一期末复习资料；第三方来源/年份按原文件名保留，未核验官方真题身份,authorized,public,knowledge/study/sources/year1/text/study-s1-ideology-2146cd59f5c57d41.md,knowledge/study/sources/year1/pdf/study-s1-ideology-2146cd59f5c57d41.pdf,2146cd59f5c57d412a536bf723ac152e60d9a0f9493a116fcbbc38d5caed1e19,15,15,1,all_pages_indexed_unverified,"{""semester"": ""s1"", ""source_ref"": ""s1/大一上期末复习.zip/思政复习/思修考前背诵版(1).pdf"", ""page_count"": 15, ""readable_pages"": 15, ""pdf_ref"": ""knowledge/study/sources/year1/pdf/study-s1-ideology-2146cd59f5c57d41.pdf"", ""sha256"": ""2146cd59f5c57d412a536bf723ac152e60d9a0f9493a116fcbbc38d5caed1e19"", ""review_status"": ""not_manually_reviewed"", ""authorization_basis"": ""用户于2026-09-30确认全部资料已获许可，可公开给项目用户使用"", ""warnings"": [""内部 course_id 为暂定映射；官方课程代码未填写"", ""文件名不证明学校/年份/真题身份"", ""仅有目录或缺页不得声称完整正文总结""]}"
study-s1-linear-algebra-f79a31b39bd88215,y1-s1-linear-algebra,线性代数期末复习题,sha256:f79a31b39bd88215e5c15e8928f1b3a14c77e123dc8783344cb8a38f88b78bbe,exercise,"[""矩阵"", ""行列式"", ""向量"", ""秩"", ""特征值"", ""特征向量"", ""线性方程组"", ""二次型"", ""正交""]",用户提供的大一期末复习资料；第三方来源/年份按原文件名保留，未核验官方真题身份,authorized,public,knowledge/study/sources/year1/text/study-s1-linear-algebra-f79a31b39bd88215.md,knowledge/study/sources/year1/pdf/study-s1-linear-algebra-f79a31b39bd88215.pdf,f79a31b39bd88215e5c15e8928f1b3a14c77e123dc8783344cb8a38f88b78bbe,116,115,1,partial,"{""semester"": ""s1"", ""source_ref"": ""s1/大一上期末复习.zip/线性代数期末复习题.pdf"", ""page_count"": 116, ""readable_pages"": 115, ""pdf_ref"": ""knowledge/study/sources/year1/pdf/study-s1-linear-algebra-f79a31b39bd88215.pdf"", ""sha256"": ""f79a31b39bd88215e5c15e8928f1b3a14c77e123dc8783344cb8a38f88b78bbe"", ""review_status"": ""not_manually_reviewed"", ""authorization_basis"": ""用户于2026-09-30确认全部资料已获许可，可公开给项目用户使用"", ""warnings"": [""内部 course_id 为暂定映射；官方课程代码未填写"", ""文件名不证明学校/年份/真题身份"", ""仅有目录或缺页不得声称完整正文总结""]}"
study-s1-programming-7267a3cd0b2e11aa,y1-s1-programming,20-21C--上册,sha256:7267a3cd0b2e11aaa5bd35391a0a2f40f1d929dd8cb49378e48645c18a8dfd9d,note,[],用户提供的大一期末复习资料；第三方来源/年份按原文件名保留，未核验官方真题身份,authorized,private,,dist/study-private/study-s1-programming-7267a3cd0b2e11aa.pdf,7267a3cd0b2e11aaa5bd35391a0a2f40f1d929dd8cb49378e48645c18a8dfd9d,5,0,0,privacy_hold,"{""semester"": ""s1"", ""source_ref"": ""s1/大一上期末复习.zip/c--/20-21C--上册.pdf"", ""page_count"": 5, ""readable_pages"": 0, ""pdf_ref"": ""dist/study-private/study-s1-programming-7267a3cd0b2e11aa.pdf"", ""sha256"": ""7267a3cd0b2e11aaa5bd35391a0a2f40f1d929dd8cb49378e48645c18a8dfd9d"", ""review_status"": ""not_manually_reviewed"", ""authorization_basis"": ""用户于2026-09-30确认全部资料已获许可，可公开给项目用户使用"", ""warnings"": [""内部 course_id 为暂定映射；官方课程代码未填写"", ""文件名不证明学校/年份/真题身份"", ""仅有目录或缺页不得声称完整正文总结""]}"
study-s1-programming-26355822c1f8144c,y1-s1-programming,去除手写 20-21C  上册,sha256:26355822c1f8144c44853b5794e683535ccf851459c1d41bb4191ce2c317b39b,note,"[""数组"", ""指针"", ""函数"", ""文件"", ""字符串"", ""类""]",用户提供的大一期末复习资料；第三方来源/年份按原文件名保留，未核验官方真题身份,authorized,public,knowledge/study/sources/year1/text/study-s1-programming-26355822c1f8144c.md,knowledge/study/sources/year1/pdf/study-s1-programming-26355822c1f8144c.pdf,26355822c1f8144c44853b5794e683535ccf851459c1d41bb4191ce2c317b39b,10,10,1,all_pages_indexed_unverified,"{""semester"": ""s1"", ""source_ref"": ""s1/大一上期末复习.zip/去除手写 20-21C  上册.pdf"", ""page_count"": 10, ""readable_pages"": 10, ""pdf_ref"": ""knowledge/study/sources/year1/pdf/study-s1-programming-26355822c1f8144c.pdf"", ""sha256"": ""26355822c1f8144c44853b5794e683535ccf851459c1d41bb4191ce2c317b39b"", ""review_status"": ""not_manually_reviewed"", ""authorization_basis"": ""用户于2026-09-30确认全部资料已获许可，可公开给项目用户使用"", ""warnings"": [""内部 course_id 为暂定映射；官方课程代码未填写"", ""文件名不证明学校/年份/真题身份"", ""仅有目录或缺页不得声称完整正文总结""]}"
study-s1-programming-b8a8c17240ffa3e4,y1-s1-programming,期末复习,sha256:b8a8c17240ffa3e480bb97cdaabd683e5e9ea21451976f5f3fdbe8a089fb4363,note,"[""数组"", ""引用"", ""函数"", ""运算符"", ""字符串"", ""类""]",用户提供的大一期末复习资料；第三方来源/年份按原文件名保留，未核验官方真题身份,authorized,public,knowledge/study/sources/year1/text/study-s1-programming-b8a8c17240ffa3e4.md,knowledge/study/sources/year1/pdf/study-s1-programming-b8a8c17240ffa3e4.pdf,b8a8c17240ffa3e480bb97cdaabd683e5e9ea21451976f5f3fdbe8a089fb4363,54,50,1,partial,"{""semester"": ""s1"", ""source_ref"": ""s1/大一上期末复习.zip/c--/期末复习.pdf"", ""page_count"": 54, ""readable_pages"": 50, ""pdf_ref"": ""knowledge/study/sources/year1/pdf/study-s1-programming-b8a8c17240ffa3e4.pdf"", ""sha256"": ""b8a8c17240ffa3e480bb97cdaabd683e5e9ea21451976f5f3fdbe8a089fb4363"", ""review_status"": ""not_manually_reviewed"", ""authorization_basis"": ""用户于2026-09-30确认全部资料已获许可，可公开给项目用户使用"", ""warnings"": [""内部 course_id 为暂定映射；官方课程代码未填写"", ""文件名不证明学校/年份/真题身份"", ""仅有目录或缺页不得声称完整正文总结""]}"
study-s2-calculus-90f6102c4992a3c7,y1-s2-calculus,高数真题,sha256:90f6102c4992a3c7b131bd362fa755016a29f554a09b3075b926562109c91ec2,exercise,"[""连续"", ""导数"", ""微分"", ""积分"", ""级数"", ""微分方程"", ""偏导"", ""曲线"", ""曲面""]",用户提供的大一期末复习资料；第三方来源/年份按原文件名保留，未核验官方真题身份,authorized,public,knowledge/study/sources/year1/text/study-s2-calculus-90f6102c4992a3c7.md,knowledge/study/sources/year1/pdf/study-s2-calculus-90f6102c4992a3c7.pdf,90f6102c4992a3c7b131bd362fa755016a29f554a09b3075b926562109c91ec2,4,4,1,all_pages_indexed_unverified,"{""semester"": ""s2"", ""source_ref"": ""s2/大一下期末复习.zip/大一下期末复习/高数/高数真题.pdf"", ""page_count"": 4, ""readable_pages"": 4, ""pdf_ref"": ""knowledge/study/sources/year1/pdf/study-s2-calculus-90f6102c4992a3c7.pdf"", ""sha256"": ""90f6102c4992a3c7b131bd362fa755016a29f554a09b3075b926562109c91ec2"", ""review_status"": ""not_manually_reviewed"", ""authorization_basis"": ""用户于2026-09-30确认全部资料已获许可，可公开给项目用户使用"", ""warnings"": [""内部 course_id 为暂定映射；官方课程代码未填写"", ""文件名不证明学校/年份/真题身份"", ""仅有目录或缺页不得声称完整正文总结""]}"
study-s2-calculus-0b11b3601df78a74,y1-s2-calculus,高等数学,sha256:0b11b3601df78a74eb154ca53a7238dd50f465e7623ddf12d16a9d5a333e8cef,note,"[""积分"", ""曲线"", ""曲面""]",用户提供的大一期末复习资料；第三方来源/年份按原文件名保留，未核验官方真题身份,authorized,public,knowledge/study/sources/year1/text/study-s2-calculus-0b11b3601df78a74.md,knowledge/study/sources/year1/pdf/study-s2-calculus-0b11b3601df78a74.pdf,0b11b3601df78a74eb154ca53a7238dd50f465e7623ddf12d16a9d5a333e8cef,2,2,1,all_pages_indexed_unverified,"{""semester"": ""s2"", ""source_ref"": ""s2/大一下期末复习.zip/大一下期末复习/高数/高等数学.pdf"", ""page_count"": 2, ""readable_pages"": 2, ""pdf_ref"": ""knowledge/study/sources/year1/pdf/study-s2-calculus-0b11b3601df78a74.pdf"", ""sha256"": ""0b11b3601df78a74eb154ca53a7238dd50f465e7623ddf12d16a9d5a333e8cef"", ""review_status"": ""not_manually_reviewed"", ""authorization_basis"": ""用户于2026-09-30确认全部资料已获许可，可公开给项目用户使用"", ""warnings"": [""内部 course_id 为暂定映射；官方课程代码未填写"", ""文件名不证明学校/年份/真题身份"", ""仅有目录或缺页不得声称完整正文总结""]}"
study-s2-marxism-0a0bec651848beaf,y1-s2-marxism,7_马原总结2023(1),sha256:0a0bec651848beafc42a415b224c43e1dbd5d9d1ff26e249bd7db804eaa2f86d,note,"[""矛盾"", ""辩证"", ""实践"", ""认识"", ""真理"", ""唯物"", ""剩余价值"", ""资本"", ""生产力"", ""生产关系"", ""社会主义""]",用户提供的大一期末复习资料；第三方来源/年份按原文件名保留，未核验官方真题身份,authorized,public,knowledge/study/sources/year1/text/study-s2-marxism-0a0bec651848beaf.md,knowledge/study/sources/year1/pdf/study-s2-marxism-0a0bec651848beaf.pdf,0a0bec651848beafc42a415b224c43e1dbd5d9d1ff26e249bd7db804eaa2f86d,11,10,1,partial,"{""semester"": ""s2"", ""source_ref"": ""s2/大一下期末复习.zip/大一下期末复习/马原/7_马原总结2023(1).pdf"", ""page_count"": 11, ""readable_pages"": 10, ""pdf_ref"": ""knowledge/study/sources/year1/pdf/study-s2-marxism-0a0bec651848beaf.pdf"", ""sha256"": ""0a0bec651848beafc42a415b224c43e1dbd5d9d1ff26e249bd7db804eaa2f86d"", ""review_status"": ""not_manually_reviewed"", ""authorization_basis"": ""用户于2026-09-30确认全部资料已获许可，可公开给项目用户使用"", ""warnings"": [""内部 course_id 为暂定映射；官方课程代码未填写"", ""文件名不证明学校/年份/真题身份"", ""仅有目录或缺页不得声称完整正文总结""]}"
study-s2-marxism-28315c18c093abf3,y1-s2-marxism,马原 (1)(1),sha256:28315c18c093abf30cfb57975d81364179d137a301954d8dfc62f900cf62f201,note,"[""矛盾"", ""辩证"", ""实践"", ""认识"", ""真理"", ""唯物"", ""剩余价值"", ""资本"", ""生产力"", ""生产关系"", ""社会主义""]",用户提供的大一期末复习资料；第三方来源/年份按原文件名保留，未核验官方真题身份,authorized,public,knowledge/study/sources/year1/text/study-s2-marxism-28315c18c093abf3.md,knowledge/study/sources/year1/pdf/study-s2-marxism-28315c18c093abf3.pdf,28315c18c093abf30cfb57975d81364179d137a301954d8dfc62f900cf62f201,2,2,1,all_pages_indexed_unverified,"{""semester"": ""s2"", ""source_ref"": ""s2/大一下期末复习.zip/大一下期末复习/马原/马原 (1)(1).pdf"", ""page_count"": 2, ""readable_pages"": 2, ""pdf_ref"": ""knowledge/study/sources/year1/pdf/study-s2-marxism-28315c18c093abf3.pdf"", ""sha256"": ""28315c18c093abf30cfb57975d81364179d137a301954d8dfc62f900cf62f201"", ""review_status"": ""not_manually_reviewed"", ""authorization_basis"": ""用户于2026-09-30确认全部资料已获许可，可公开给项目用户使用"", ""warnings"": [""内部 course_id 为暂定映射；官方课程代码未填写"", ""文件名不证明学校/年份/真题身份"", ""仅有目录或缺页不得声称完整正文总结""]}"
study-s2-marxism-9ecf25ff0629bcad,y1-s2-marxism,马原总结(1)(2),sha256:9ecf25ff0629bcad1c2af58c7820d3da7fd1abf466676296c0e675bb50b59ffe,note,"[""矛盾"", ""辩证"", ""实践"", ""认识"", ""真理"", ""唯物"", ""剩余价值"", ""资本"", ""生产力"", ""生产关系"", ""社会主义""]",用户提供的大一期末复习资料；第三方来源/年份按原文件名保留，未核验官方真题身份,authorized,public,knowledge/study/sources/year1/text/study-s2-marxism-9ecf25ff0629bcad.md,knowledge/study/sources/year1/pdf/study-s2-marxism-9ecf25ff0629bcad.pdf,9ecf25ff0629bcad1c2af58c7820d3da7fd1abf466676296c0e675bb50b59ffe,10,10,1,all_pages_indexed_unverified,"{""semester"": ""s2"", ""source_ref"": ""s2/大一下期末复习.zip/大一下期末复习/马原/马原总结(1)(2).pdf"", ""page_count"": 10, ""readable_pages"": 10, ""pdf_ref"": ""knowledge/study/sources/year1/pdf/study-s2-marxism-9ecf25ff0629bcad.pdf"", ""sha256"": ""9ecf25ff0629bcad1c2af58c7820d3da7fd1abf466676296c0e675bb50b59ffe"", ""review_status"": ""not_manually_reviewed"", ""authorization_basis"": ""用户于2026-09-30确认全部资料已获许可，可公开给项目用户使用"", ""warnings"": [""内部 course_id 为暂定映射；官方课程代码未填写"", ""文件名不证明学校/年份/真题身份"", ""仅有目录或缺页不得声称完整正文总结""]}"
study-s2-marxism-19de0432715b4aa5,y1-s2-marxism,马原框架梳理-qm整理版,sha256:19de0432715b4aa5054d864ebdb7575acb17cc131b2132e4224da7f363ce78b2,note,"[""矛盾"", ""辩证"", ""实践"", ""认识"", ""真理"", ""唯物"", ""剩余价值"", ""资本"", ""生产力"", ""生产关系"", ""社会主义""]",用户提供的大一期末复习资料；第三方来源/年份按原文件名保留，未核验官方真题身份,authorized,public,knowledge/study/sources/year1/text/study-s2-marxism-19de0432715b4aa5.md,knowledge/study/sources/year1/pdf/study-s2-marxism-19de0432715b4aa5.pdf,19de0432715b4aa5054d864ebdb7575acb17cc131b2132e4224da7f363ce78b2,9,9,1,all_pages_indexed_unverified,"{""semester"": ""s2"", ""source_ref"": ""s2/大一下期末复习.zip/大一下期末复习/马原/马原框架梳理-qm整理版.pdf"", ""page_count"": 9, ""readable_pages"": 9, ""pdf_ref"": ""knowledge/study/sources/year1/pdf/study-s2-marxism-19de0432715b4aa5.pdf"", ""sha256"": ""19de0432715b4aa5054d864ebdb7575acb17cc131b2132e4224da7f363ce78b2"", ""review_status"": ""not_manually_reviewed"", ""authorization_basis"": ""用户于2026-09-30确认全部资料已获许可，可公开给项目用户使用"", ""warnings"": [""内部 course_id 为暂定映射；官方课程代码未填写"", ""文件名不证明学校/年份/真题身份"", ""仅有目录或缺页不得声称完整正文总结""]}"
study-s2-marxism-88a5a68d925b7f84,y1-s2-marxism,马原知识点(1),sha256:88a5a68d925b7f84527d474b0fa3e913ec49af739be8e188d81162fe731801f3,note,"[""矛盾"", ""辩证"", ""实践"", ""认识"", ""剩余价值"", ""资本"", ""社会主义""]",用户提供的大一期末复习资料；第三方来源/年份按原文件名保留，未核验官方真题身份,authorized,public,knowledge/study/sources/year1/text/study-s2-marxism-88a5a68d925b7f84.md,knowledge/study/sources/year1/pdf/study-s2-marxism-88a5a68d925b7f84.pdf,88a5a68d925b7f84527d474b0fa3e913ec49af739be8e188d81162fe731801f3,1,1,1,all_pages_indexed_unverified,"{""semester"": ""s2"", ""source_ref"": ""s2/大一下期末复习.zip/大一下期末复习/马原/马原知识点(1).pdf"", ""page_count"": 1, ""readable_pages"": 1, ""pdf_ref"": ""knowledge/study/sources/year1/pdf/study-s2-marxism-88a5a68d925b7f84.pdf"", ""sha256"": ""88a5a68d925b7f84527d474b0fa3e913ec49af739be8e188d81162fe731801f3"", ""review_status"": ""not_manually_reviewed"", ""authorization_basis"": ""用户于2026-09-30确认全部资料已获许可，可公开给项目用户使用"", ""warnings"": [""内部 course_id 为暂定映射；官方课程代码未填写"", ""文件名不证明学校/年份/真题身份"", ""仅有目录或缺页不得声称完整正文总结""]}"
study-s2-marxism-80159e7fae0c909f,y1-s2-marxism,马原考点总结,sha256:80159e7fae0c909ffbc56f7caa11a48362967abddd1cbe65ae7de6d6c4b163f7,note,"[""矛盾"", ""辩证"", ""实践"", ""认识"", ""真理"", ""唯物"", ""剩余价值"", ""资本"", ""生产力"", ""生产关系"", ""社会主义""]",用户提供的大一期末复习资料；第三方来源/年份按原文件名保留，未核验官方真题身份,authorized,public,knowledge/study/sources/year1/text/study-s2-marxism-80159e7fae0c909f.md,knowledge/study/sources/year1/pdf/study-s2-marxism-80159e7fae0c909f.pdf,80159e7fae0c909ffbc56f7caa11a48362967abddd1cbe65ae7de6d6c4b163f7,10,10,1,all_pages_indexed_unverified,"{""semester"": ""s2"", ""source_ref"": ""s2/大一下期末复习.zip/大一下期末复习/马原/马原考点总结.pdf"", ""page_count"": 10, ""readable_pages"": 10, ""pdf_ref"": ""knowledge/study/sources/year1/pdf/study-s2-marxism-80159e7fae0c909f.pdf"", ""sha256"": ""80159e7fae0c909ffbc56f7caa11a48362967abddd1cbe65ae7de6d6c4b163f7"", ""review_status"": ""not_manually_reviewed"", ""authorization_basis"": ""用户于2026-09-30确认全部资料已获许可，可公开给项目用户使用"", ""warnings"": [""内部 course_id 为暂定映射；官方课程代码未填写"", ""文件名不证明学校/年份/真题身份"", ""仅有目录或缺页不得声称完整正文总结""]}"
study-s2-physics-c6b936374c8ae864,y1-s2-physics,2020,sha256:c6b936374c8ae8643d6f217888b673eaca884fac3a5980dc7145c74a746a5fa6,note,"[""电场"", ""磁场"", ""电磁"", ""能量"", ""振动"", ""波"", ""光学""]",用户提供的大一期末复习资料；第三方来源/年份按原文件名保留，未核验官方真题身份,authorized,public,knowledge/study/sources/year1/text/study-s2-physics-c6b936374c8ae864.md,knowledge/study/sources/year1/pdf/study-s2-physics-c6b936374c8ae864.pdf,c6b936374c8ae8643d6f217888b673eaca884fac3a5980dc7145c74a746a5fa6,10,10,1,all_pages_indexed_unverified,"{""semester"": ""s2"", ""source_ref"": ""s2/大一下期末复习.zip/大一下期末复习/大物/2020.pdf"", ""page_count"": 10, ""readable_pages"": 10, ""pdf_ref"": ""knowledge/study/sources/year1/pdf/study-s2-physics-c6b936374c8ae864.pdf"", ""sha256"": ""c6b936374c8ae8643d6f217888b673eaca884fac3a5980dc7145c74a746a5fa6"", ""review_status"": ""not_manually_reviewed"", ""authorization_basis"": ""用户于2026-09-30确认全部资料已获许可，可公开给项目用户使用"", ""warnings"": [""内部 course_id 为暂定映射；官方课程代码未填写"", ""文件名不证明学校/年份/真题身份"", ""仅有目录或缺页不得声称完整正文总结""]}"
study-s2-physics-cb6c50ee1df79476,y1-s2-physics,2023A电磁(1),sha256:cb6c50ee1df79476f9d6d24f7301600cd351d99927dcc9997ec21fef7da27902,note,"[""电场"", ""磁场"", ""电磁""]",用户提供的大一期末复习资料；第三方来源/年份按原文件名保留，未核验官方真题身份,authorized,public,knowledge/study/sources/year1/text/study-s2-physics-cb6c50ee1df79476.md,knowledge/study/sources/year1/pdf/study-s2-physics-cb6c50ee1df79476.pdf,cb6c50ee1df79476f9d6d24f7301600cd351d99927dcc9997ec21fef7da27902,2,2,1,all_pages_indexed_unverified,"{""semester"": ""s2"", ""source_ref"": ""s2/大一下期末复习.zip/大一下期末复习/大物/2023A电磁(1).pdf"", ""page_count"": 2, ""readable_pages"": 2, ""pdf_ref"": ""knowledge/study/sources/year1/pdf/study-s2-physics-cb6c50ee1df79476.pdf"", ""sha256"": ""cb6c50ee1df79476f9d6d24f7301600cd351d99927dcc9997ec21fef7da27902"", ""review_status"": ""not_manually_reviewed"", ""authorization_basis"": ""用户于2026-09-30确认全部资料已获许可，可公开给项目用户使用"", ""warnings"": [""内部 course_id 为暂定映射；官方课程代码未填写"", ""文件名不证明学校/年份/真题身份"", ""仅有目录或缺页不得声称完整正文总结""]}"
study-s2-physics-0a46c38726e23c48,y1-s2-physics,大学物理期中测试,sha256:0a46c38726e23c48cc58f4b2ebc93b0c121cb63a40c62d9b6c1b4585955fc2dd,note,"[""电场"", ""振动"", ""波""]",用户提供的大一期末复习资料；第三方来源/年份按原文件名保留，未核验官方真题身份,authorized,public,knowledge/study/sources/year1/text/study-s2-physics-0a46c38726e23c48.md,knowledge/study/sources/year1/pdf/study-s2-physics-0a46c38726e23c48.pdf,0a46c38726e23c48cc58f4b2ebc93b0c121cb63a40c62d9b6c1b4585955fc2dd,5,5,1,all_pages_indexed_unverified,"{""semester"": ""s2"", ""source_ref"": ""s2/大一下期末复习.zip/大一下期末复习/大物/大学物理期中测试.pdf"", ""page_count"": 5, ""readable_pages"": 5, ""pdf_ref"": ""knowledge/study/sources/year1/pdf/study-s2-physics-0a46c38726e23c48.pdf"", ""sha256"": ""0a46c38726e23c48cc58f4b2ebc93b0c121cb63a40c62d9b6c1b4585955fc2dd"", ""review_status"": ""not_manually_reviewed"", ""authorization_basis"": ""用户于2026-09-30确认全部资料已获许可，可公开给项目用户使用"", ""warnings"": [""内部 course_id 为暂定映射；官方课程代码未填写"", ""文件名不证明学校/年份/真题身份"", ""仅有目录或缺页不得声称完整正文总结""]}"
study-s2-physics-b91d080a8c79df85,y1-s2-physics,大物2018 1答案,sha256:b91d080a8c79df85a2be05f2eee8cdee0f24841c64f072c7d573030b504fdf92,exercise,"[""电场"", ""磁场"", ""动量"", ""能量"", ""振动"", ""波""]",用户提供的大一期末复习资料；第三方来源/年份按原文件名保留，未核验官方真题身份,authorized,public,knowledge/study/sources/year1/text/study-s2-physics-b91d080a8c79df85.md,knowledge/study/sources/year1/pdf/study-s2-physics-b91d080a8c79df85.pdf,b91d080a8c79df85a2be05f2eee8cdee0f24841c64f072c7d573030b504fdf92,6,6,1,all_pages_indexed_unverified,"{""semester"": ""s2"", ""source_ref"": ""s2/大一下期末复习.zip/大一下期末复习/大物/大物2018 1答案.pdf"", ""page_count"": 6, ""readable_pages"": 6, ""pdf_ref"": ""knowledge/study/sources/year1/pdf/study-s2-physics-b91d080a8c79df85.pdf"", ""sha256"": ""b91d080a8c79df85a2be05f2eee8cdee0f24841c64f072c7d573030b504fdf92"", ""review_status"": ""not_manually_reviewed"", ""authorization_basis"": ""用户于2026-09-30确认全部资料已获许可，可公开给项目用户使用"", ""warnings"": [""内部 course_id 为暂定映射；官方课程代码未填写"", ""文件名不证明学校/年份/真题身份"", ""仅有目录或缺页不得声称完整正文总结""]}"
study-s2-physics-efbde7e09544ed14,y1-s2-physics,大物2018 2,sha256:efbde7e09544ed1453cb4810091d879cd516e5480ff80867a890c5235900b5bc,note,"[""电场"", ""磁场"", ""动量"", ""能量"", ""振动"", ""波""]",用户提供的大一期末复习资料；第三方来源/年份按原文件名保留，未核验官方真题身份,authorized,public,knowledge/study/sources/year1/text/study-s2-physics-efbde7e09544ed14.md,knowledge/study/sources/year1/pdf/study-s2-physics-efbde7e09544ed14.pdf,efbde7e09544ed1453cb4810091d879cd516e5480ff80867a890c5235900b5bc,8,8,1,all_pages_indexed_unverified,"{""semester"": ""s2"", ""source_ref"": ""s2/大一下期末复习.zip/大一下期末复习/大物/大物2018 2.pdf"", ""page_count"": 8, ""readable_pages"": 8, ""pdf_ref"": ""knowledge/study/sources/year1/pdf/study-s2-physics-efbde7e09544ed14.pdf"", ""sha256"": ""efbde7e09544ed1453cb4810091d879cd516e5480ff80867a890c5235900b5bc"", ""review_status"": ""not_manually_reviewed"", ""authorization_basis"": ""用户于2026-09-30确认全部资料已获许可，可公开给项目用户使用"", ""warnings"": [""内部 course_id 为暂定映射；官方课程代码未填写"", ""文件名不证明学校/年份/真题身份"", ""仅有目录或缺页不得声称完整正文总结""]}"
study-s2-physics-46bbcebfd699f638,y1-s2-physics,大物2019,sha256:46bbcebfd699f638b035811f084fa541118b059bd4d9548bac67d82e3d9a883c,note,"[""电场"", ""磁场"", ""电磁"", ""能量"", ""振动"", ""波"", ""光学""]",用户提供的大一期末复习资料；第三方来源/年份按原文件名保留，未核验官方真题身份,authorized,public,knowledge/study/sources/year1/text/study-s2-physics-46bbcebfd699f638.md,knowledge/study/sources/year1/pdf/study-s2-physics-46bbcebfd699f638.pdf,46bbcebfd699f638b035811f084fa541118b059bd4d9548bac67d82e3d9a883c,10,10,1,all_pages_indexed_unverified,"{""semester"": ""s2"", ""source_ref"": ""s2/大一下期末复习.zip/大一下期末复习/大物/大物2019.pdf"", ""page_count"": 10, ""readable_pages"": 10, ""pdf_ref"": ""knowledge/study/sources/year1/pdf/study-s2-physics-46bbcebfd699f638.pdf"", ""sha256"": ""46bbcebfd699f638b035811f084fa541118b059bd4d9548bac67d82e3d9a883c"", ""review_status"": ""not_manually_reviewed"", ""authorization_basis"": ""用户于2026-09-30确认全部资料已获许可，可公开给项目用户使用"", ""warnings"": [""内部 course_id 为暂定映射；官方课程代码未填写"", ""文件名不证明学校/年份/真题身份"", ""仅有目录或缺页不得声称完整正文总结""]}"
study-s2-physics-2329b12e32d546f8,y1-s2-physics,大物试卷整理,sha256:2329b12e32d546f8876e82f465c3937a29ff474328c806c6e3db61fc2d677768,exercise,"[""电场"", ""磁场"", ""电磁"", ""能量""]",用户提供的大一期末复习资料；第三方来源/年份按原文件名保留，未核验官方真题身份,authorized,public,knowledge/study/sources/year1/text/study-s2-physics-2329b12e32d546f8.md,knowledge/study/sources/year1/pdf/study-s2-physics-2329b12e32d546f8.pdf,2329b12e32d546f8876e82f465c3937a29ff474328c806c6e3db61fc2d677768,8,8,1,all_pages_indexed_unverified,"{""semester"": ""s2"", ""source_ref"": ""s2/大一下期末复习.zip/大一下期末复习/大物/大物试卷整理.pdf"", ""page_count"": 8, ""readable_pages"": 8, ""pdf_ref"": ""knowledge/study/sources/year1/pdf/study-s2-physics-2329b12e32d546f8.pdf"", ""sha256"": ""2329b12e32d546f8876e82f465c3937a29ff474328c806c6e3db61fc2d677768"", ""review_status"": ""not_manually_reviewed"", ""authorization_basis"": ""用户于2026-09-30确认全部资料已获许可，可公开给项目用户使用"", ""warnings"": [""内部 course_id 为暂定映射；官方课程代码未填写"", ""文件名不证明学校/年份/真题身份"", ""仅有目录或缺页不得声称完整正文总结""]}"
study-s2-probability-5f5e607db31aada8,y1-s2-probability,2020—2021学年《概率论与数理统计》A卷(1),sha256:5f5e607db31aada887e24361ddbfe184ed15fba55fb2736d4d4510b539a52583,exercise,"[""概率"", ""随机变量"", ""分布"", ""期望"", ""方差"", ""估计""]",用户提供的大一期末复习资料；第三方来源/年份按原文件名保留，未核验官方真题身份,authorized,public,knowledge/study/sources/year1/text/study-s2-probability-5f5e607db31aada8.md,knowledge/study/sources/year1/pdf/study-s2-probability-5f5e607db31aada8.pdf,5f5e607db31aada887e24361ddbfe184ed15fba55fb2736d4d4510b539a52583,6,6,1,all_pages_indexed_unverified,"{""semester"": ""s2"", ""source_ref"": ""s2/大一下期末复习.zip/大一下期末复习/概率论/2020—2021学年《概率论与数理统计》A卷(1).pdf"", ""page_count"": 6, ""readable_pages"": 6, ""pdf_ref"": ""knowledge/study/sources/year1/pdf/study-s2-probability-5f5e607db31aada8.pdf"", ""sha256"": ""5f5e607db31aada887e24361ddbfe184ed15fba55fb2736d4d4510b539a52583"", ""review_status"": ""not_manually_reviewed"", ""authorization_basis"": ""用户于2026-09-30确认全部资料已获许可，可公开给项目用户使用"", ""warnings"": [""内部 course_id 为暂定映射；官方课程代码未填写"", ""文件名不证明学校/年份/真题身份"", ""仅有目录或缺页不得声称完整正文总结""]}"
study-s2-probability-d5f582f9efde68b4,y1-s2-probability,2020—2021学年《概率论与数理统计》B卷,sha256:d5f582f9efde68b49c60a0f5da0a0fcafd6d14137f4052155f2134451de152e7,exercise,[],用户提供的大一期末复习资料；第三方来源/年份按原文件名保留，未核验官方真题身份,authorized,public,knowledge/study/sources/year1/text/study-s2-probability-d5f582f9efde68b4.md,knowledge/study/sources/year1/pdf/study-s2-probability-d5f582f9efde68b4.pdf,d5f582f9efde68b49c60a0f5da0a0fcafd6d14137f4052155f2134451de152e7,6,6,1,all_pages_indexed_unverified,"{""semester"": ""s2"", ""source_ref"": ""s2/大一下期末复习.zip/大一下期末复习/概率论/2020—2021学年《概率论与数理统计》B卷.pdf"", ""page_count"": 6, ""readable_pages"": 6, ""pdf_ref"": ""knowledge/study/sources/year1/pdf/study-s2-probability-d5f582f9efde68b4.pdf"", ""sha256"": ""d5f582f9efde68b49c60a0f5da0a0fcafd6d14137f4052155f2134451de152e7"", ""review_status"": ""not_manually_reviewed"", ""authorization_basis"": ""用户于2026-09-30确认全部资料已获许可，可公开给项目用户使用"", ""warnings"": [""内部 course_id 为暂定映射；官方课程代码未填写"", ""文件名不证明学校/年份/真题身份"", ""仅有目录或缺页不得声称完整正文总结""]}"
study-s2-probability-451d99011df209b5,y1-s2-probability,2023-2024 学年春季《概率论与数理统计》期末试卷A,sha256:451d99011df209b5a08cdafd05cbd4f94a43af021f33a631788a3408d8e1f2e7,exercise,"[""概率"", ""随机变量"", ""分布"", ""方差"", ""估计""]",用户提供的大一期末复习资料；第三方来源/年份按原文件名保留，未核验官方真题身份,authorized,public,knowledge/study/sources/year1/text/study-s2-probability-451d99011df209b5.md,knowledge/study/sources/year1/pdf/study-s2-probability-451d99011df209b5.pdf,451d99011df209b5a08cdafd05cbd4f94a43af021f33a631788a3408d8e1f2e7,5,4,1,partial,"{""semester"": ""s2"", ""source_ref"": ""s2/大一下期末复习.zip/大一下期末复习/概率论/2023-2024 学年春季《概率论与数理统计》期末试卷A.pdf"", ""page_count"": 5, ""readable_pages"": 4, ""pdf_ref"": ""knowledge/study/sources/year1/pdf/study-s2-probability-451d99011df209b5.pdf"", ""sha256"": ""451d99011df209b5a08cdafd05cbd4f94a43af021f33a631788a3408d8e1f2e7"", ""review_status"": ""not_manually_reviewed"", ""authorization_basis"": ""用户于2026-09-30确认全部资料已获许可，可公开给项目用户使用"", ""warnings"": [""内部 course_id 为暂定映射；官方课程代码未填写"", ""文件名不证明学校/年份/真题身份"", ""仅有目录或缺页不得声称完整正文总结""]}"
study-s2-probability-101feb5a6eaba5dd,y1-s2-probability,2024-2025学年春季《概率论与数理统计》期末试卷V1.1（A）【考试版】,sha256:101feb5a6eaba5ddae0108f30346630bdd5a6f82dbff78f6af1064d1c97915be,exercise,"[""概率"", ""随机变量"", ""分布"", ""方差"", ""估计"", ""假设检验""]",用户提供的大一期末复习资料；第三方来源/年份按原文件名保留，未核验官方真题身份,authorized,public,knowledge/study/sources/year1/text/study-s2-probability-101feb5a6eaba5dd.md,knowledge/study/sources/year1/pdf/study-s2-probability-101feb5a6eaba5dd.pdf,101feb5a6eaba5ddae0108f30346630bdd5a6f82dbff78f6af1064d1c97915be,5,4,1,partial,"{""semester"": ""s2"", ""source_ref"": ""s2/大一下期末复习.zip/大一下期末复习/概率论/2024-2025学年春季《概率论与数理统计》期末试卷V1.1（A）【考试版】.pdf"", ""page_count"": 5, ""readable_pages"": 4, ""pdf_ref"": ""knowledge/study/sources/year1/pdf/study-s2-probability-101feb5a6eaba5dd.pdf"", ""sha256"": ""101feb5a6eaba5ddae0108f30346630bdd5a6f82dbff78f6af1064d1c97915be"", ""review_status"": ""not_manually_reviewed"", ""authorization_basis"": ""用户于2026-09-30确认全部资料已获许可，可公开给项目用户使用"", ""warnings"": [""内部 course_id 为暂定映射；官方课程代码未填写"", ""文件名不证明学校/年份/真题身份"", ""仅有目录或缺页不得声称完整正文总结""]}"
study-s2-probability-a7dfaf2beb4f155f,y1-s2-probability,2025-2026学年春季概率论与数理统计期中试卷A,sha256:a7dfaf2beb4f155f2c5c292a4b09e5eb5cd46c3a171e4902f660d5df747d62ca,exercise,"[""概率"", ""随机变量"", ""分布"", ""期望"", ""方差""]",用户提供的大一期末复习资料；第三方来源/年份按原文件名保留，未核验官方真题身份,authorized,public,knowledge/study/sources/year1/text/study-s2-probability-a7dfaf2beb4f155f.md,knowledge/study/sources/year1/pdf/study-s2-probability-a7dfaf2beb4f155f.pdf,a7dfaf2beb4f155f2c5c292a4b09e5eb5cd46c3a171e4902f660d5df747d62ca,5,4,1,partial,"{""semester"": ""s2"", ""source_ref"": ""s2/大一下期末复习.zip/大一下期末复习/概率论/2025-2026学年春季概率论与数理统计期中试卷A.pdf"", ""page_count"": 5, ""readable_pages"": 4, ""pdf_ref"": ""knowledge/study/sources/year1/pdf/study-s2-probability-a7dfaf2beb4f155f.pdf"", ""sha256"": ""a7dfaf2beb4f155f2c5c292a4b09e5eb5cd46c3a171e4902f660d5df747d62ca"", ""review_status"": ""not_manually_reviewed"", ""authorization_basis"": ""用户于2026-09-30确认全部资料已获许可，可公开给项目用户使用"", ""warnings"": [""内部 course_id 为暂定映射；官方课程代码未填写"", ""文件名不证明学校/年份/真题身份"", ""仅有目录或缺页不得声称完整正文总结""]}"
study-s2-probability-1334b535ee83c23e,y1-s2-probability,《概率论与数理统计》期末测验试题2答案 - 更新,sha256:1334b535ee83c23eafa93a9fb984744d6bb201c804fa5dad5a332cc04e2b3ba2,exercise,"[""概率"", ""随机变量"", ""分布"", ""期望"", ""方差"", ""估计"", ""中心极限定理""]",用户提供的大一期末复习资料；第三方来源/年份按原文件名保留，未核验官方真题身份,authorized,public,knowledge/study/sources/year1/text/study-s2-probability-1334b535ee83c23e.md,knowledge/study/sources/year1/pdf/study-s2-probability-1334b535ee83c23e.pdf,1334b535ee83c23eafa93a9fb984744d6bb201c804fa5dad5a332cc04e2b3ba2,10,10,1,all_pages_indexed_unverified,"{""semester"": ""s2"", ""source_ref"": ""s2/大一下期末复习.zip/大一下期末复习/概率论/《概率论与数理统计》期末测验试题2答案 - 更新.pdf"", ""page_count"": 10, ""readable_pages"": 10, ""pdf_ref"": ""knowledge/study/sources/year1/pdf/study-s2-probability-1334b535ee83c23e.pdf"", ""sha256"": ""1334b535ee83c23eafa93a9fb984744d6bb201c804fa5dad5a332cc04e2b3ba2"", ""review_status"": ""not_manually_reviewed"", ""authorization_basis"": ""用户于2026-09-30确认全部资料已获许可，可公开给项目用户使用"", ""warnings"": [""内部 course_id 为暂定映射；官方课程代码未填写"", ""文件名不证明学校/年份/真题身份"", ""仅有目录或缺页不得声称完整正文总结""]}"
study-s2-programming-ecb1b840316f954b,y1-s2-programming,22笔试,sha256:ecb1b840316f954b8d9a997430192621ee40901136caea95714050b86957e8ca,exercise,"[""数组"", ""指针"", ""函数"", ""继承"", ""构造函数"", ""析构函数"", ""运算符"", ""模板"", ""文件"", ""类"", ""对象""]",用户提供的大一期末复习资料；第三方来源/年份按原文件名保留，未核验官方真题身份,authorized,public,knowledge/study/sources/year1/text/study-s2-programming-ecb1b840316f954b.md,knowledge/study/sources/year1/pdf/study-s2-programming-ecb1b840316f954b.pdf,ecb1b840316f954b8d9a997430192621ee40901136caea95714050b86957e8ca,14,13,1,partial,"{""semester"": ""s2"", ""source_ref"": ""s2/大一下期末复习.zip/大一下期末复习/c艹/22笔试.pdf"", ""page_count"": 14, ""readable_pages"": 13, ""pdf_ref"": ""knowledge/study/sources/year1/pdf/study-s2-programming-ecb1b840316f954b.pdf"", ""sha256"": ""ecb1b840316f954b8d9a997430192621ee40901136caea95714050b86957e8ca"", ""review_status"": ""not_manually_reviewed"", ""authorization_basis"": ""用户于2026-09-30确认全部资料已获许可，可公开给项目用户使用"", ""warnings"": [""内部 course_id 为暂定映射；官方课程代码未填写"", ""文件名不证明学校/年份/真题身份"", ""仅有目录或缺页不得声称完整正文总结""]}"
study-s2-programming-69542effd80181aa,y1-s2-programming,C  期中试题,sha256:69542effd80181aaad6fb69c491380107655b11c28e7e2a01f54cbbfe83f39b7,exercise,"[""数组"", ""指针"", ""函数"", ""继承"", ""构造函数"", ""运算符"", ""异常"", ""类"", ""对象""]",用户提供的大一期末复习资料；第三方来源/年份按原文件名保留，未核验官方真题身份,authorized,public,knowledge/study/sources/year1/text/study-s2-programming-69542effd80181aa.md,knowledge/study/sources/year1/pdf/study-s2-programming-69542effd80181aa.pdf,69542effd80181aaad6fb69c491380107655b11c28e7e2a01f54cbbfe83f39b7,7,6,1,partial,"{""semester"": ""s2"", ""source_ref"": ""s2/大一下期末复习.zip/大一下期末复习/c艹/C  期中试题.pdf"", ""page_count"": 7, ""readable_pages"": 6, ""pdf_ref"": ""knowledge/study/sources/year1/pdf/study-s2-programming-69542effd80181aa.pdf"", ""sha256"": ""69542effd80181aaad6fb69c491380107655b11c28e7e2a01f54cbbfe83f39b7"", ""review_status"": ""not_manually_reviewed"", ""authorization_basis"": ""用户于2026-09-30确认全部资料已获许可，可公开给项目用户使用"", ""warnings"": [""内部 course_id 为暂定映射；官方课程代码未填写"", ""文件名不证明学校/年份/真题身份"", ""仅有目录或缺页不得声称完整正文总结""]}"
study-s2-programming-f076c553a310a022,y1-s2-programming,cpp_review_notes_with_code,sha256:f076c553a310a02215ab24cc3cbaae9e6bbc764cf9b2bba07326450d9e4c8316,note,"[""数组"", ""指针"", ""引用"", ""函数"", ""继承"", ""多态"", ""构造函数"", ""析构函数"", ""运算符"", ""模板"", ""文件"", ""类"", ""对象""]",用户提供的大一期末复习资料；第三方来源/年份按原文件名保留，未核验官方真题身份,authorized,public,knowledge/study/sources/year1/text/study-s2-programming-f076c553a310a022.md,knowledge/study/sources/year1/pdf/study-s2-programming-f076c553a310a022.pdf,f076c553a310a02215ab24cc3cbaae9e6bbc764cf9b2bba07326450d9e4c8316,19,19,1,all_pages_indexed_unverified,"{""semester"": ""s2"", ""source_ref"": ""s2/大一下期末复习.zip/大一下期末复习/c艹/cpp_review_notes_with_code.pdf"", ""page_count"": 19, ""readable_pages"": 19, ""pdf_ref"": ""knowledge/study/sources/year1/pdf/study-s2-programming-f076c553a310a022.pdf"", ""sha256"": ""f076c553a310a02215ab24cc3cbaae9e6bbc764cf9b2bba07326450d9e4c8316"", ""review_status"": ""not_manually_reviewed"", ""authorization_basis"": ""用户于2026-09-30确认全部资料已获许可，可公开给项目用户使用"", ""warnings"": [""内部 course_id 为暂定映射；官方课程代码未填写"", ""文件名不证明学校/年份/真题身份"", ""仅有目录或缺页不得声称完整正文总结""]}"
study-s2-programming-efb6bb2d624c4062,y1-s2-programming,c艹上机,sha256:efb6bb2d624c4062d4e00c6267b2ad7e9c414926222cad1589270f36f9cef5a4,exercise,"[""数组"", ""指针"", ""函数"", ""继承"", ""多态"", ""构造函数"", ""析构函数"", ""运算符"", ""模板"", ""文件"", ""字符串"", ""类"", ""对象""]",用户提供的大一期末复习资料；第三方来源/年份按原文件名保留，未核验官方真题身份,authorized,public,knowledge/study/sources/year1/text/study-s2-programming-efb6bb2d624c4062.md,knowledge/study/sources/year1/pdf/study-s2-programming-efb6bb2d624c4062.pdf,efb6bb2d624c4062d4e00c6267b2ad7e9c414926222cad1589270f36f9cef5a4,28,28,1,all_pages_indexed_unverified,"{""semester"": ""s2"", ""source_ref"": ""s2/大一下期末复习.zip/大一下期末复习/c艹/c艹上机.pdf"", ""page_count"": 28, ""readable_pages"": 28, ""pdf_ref"": ""knowledge/study/sources/year1/pdf/study-s2-programming-efb6bb2d624c4062.pdf"", ""sha256"": ""efb6bb2d624c4062d4e00c6267b2ad7e9c414926222cad1589270f36f9cef5a4"", ""review_status"": ""not_manually_reviewed"", ""authorization_basis"": ""用户于2026-09-30确认全部资料已获许可，可公开给项目用户使用"", ""warnings"": [""内部 course_id 为暂定映射；官方课程代码未填写"", ""文件名不证明学校/年份/真题身份"", ""仅有目录或缺页不得声称完整正文总结""]}"
study-s2-programming-cd29346f86e832fa,y1-s2-programming,期末复习2-2 1,sha256:cd29346f86e832fa017f1d395328aedcbbdbccb5a706c69e63b54508d7a0155e,note,"[""数组"", ""指针"", ""函数"", ""继承"", ""多态"", ""构造函数"", ""析构函数"", ""运算符"", ""模板"", ""文件"", ""类"", ""对象""]",用户提供的大一期末复习资料；第三方来源/年份按原文件名保留，未核验官方真题身份,authorized,public,knowledge/study/sources/year1/text/study-s2-programming-cd29346f86e832fa.md,knowledge/study/sources/year1/pdf/study-s2-programming-cd29346f86e832fa.pdf,cd29346f86e832fa017f1d395328aedcbbdbccb5a706c69e63b54508d7a0155e,47,42,1,partial,"{""semester"": ""s2"", ""source_ref"": ""s2/大一下期末复习.zip/大一下期末复习/c艹/期末复习2-2 1.pdf"", ""page_count"": 47, ""readable_pages"": 42, ""pdf_ref"": ""knowledge/study/sources/year1/pdf/study-s2-programming-cd29346f86e832fa.pdf"", ""sha256"": ""cd29346f86e832fa017f1d395328aedcbbdbccb5a706c69e63b54508d7a0155e"", ""review_status"": ""not_manually_reviewed"", ""authorization_basis"": ""用户于2026-09-30确认全部资料已获许可，可公开给项目用户使用"", ""warnings"": [""内部 course_id 为暂定映射；官方课程代码未填写"", ""文件名不证明学校/年份/真题身份"", ""仅有目录或缺页不得声称完整正文总结""]}"
