material_id,source_ref
study-s1-calculus-6e53f8532c216ccc,s1/大一上期末复习.zip/高数期末复习.pdf
study-s1-ideology-2146cd59f5c57d41,s1/大一上期末复习.zip/思政复习/思修考前背诵版(1).pdf
study-s1-ideology-8a05a12b1b8a7e09,s1/大一上期末复习.zip/思政复习/1_思政复习.pdf
study-s1-ideology-e834581c52ce1f41,s1/大一上期末复习.zip/思政复习/1_思修大题11.pdf
study-s1-linear-algebra-f79a31b39bd88215,s1/大一上期末复习.zip/线性代数期末复习题.pdf
study-s1-programming-26355822c1f8144c,s1/大一上期末复习.zip/去除手写 20-21C  上册.pdf
study-s1-programming-7267a3cd0b2e11aa,s1/大一上期末复习.zip/c--/20-21C--上册.pdf
study-s1-programming-b8a8c17240ffa3e4,s1/大一上期末复习.zip/c--/期末复习.pdf
study-s2-calculus-0b11b3601df78a74,s2/大一下期末复习.zip/大一下期末复习/高数/高等数学.pdf
study-s2-calculus-90f6102c4992a3c7,s2/大一下期末复习.zip/大一下期末复习/高数/高数真题.pdf
study-s2-marxism-0a0bec651848beaf,s2/大一下期末复习.zip/大一下期末复习/马原/7_马原总结2023(1).pdf
study-s2-marxism-19de0432715b4aa5,s2/大一下期末复习.zip/大一下期末复习/马原/马原框架梳理-qm整理版.pdf
study-s2-marxism-28315c18c093abf3,s2/大一下期末复习.zip/大一下期末复习/马原/马原 (1)(1).pdf
study-s2-marxism-80159e7fae0c909f,s2/大一下期末复习.zip/大一下期末复习/马原/马原考点总结.pdf
study-s2-marxism-88a5a68d925b7f84,s2/大一下期末复习.zip/大一下期末复习/马原/马原知识点(1).pdf
study-s2-marxism-9ecf25ff0629bcad,s2/大一下期末复习.zip/大一下期末复习/马原/马原总结(1)(2).pdf
study-s2-physics-0a46c38726e23c48,s2/大一下期末复习.zip/大一下期末复习/大物/大学物理期中测试.pdf
study-s2-physics-2329b12e32d546f8,s2/大一下期末复习.zip/大一下期末复习/大物/大物试卷整理.pdf
study-s2-physics-46bbcebfd699f638,s2/大一下期末复习.zip/大一下期末复习/大物/大物2019.pdf
study-s2-physics-b91d080a8c79df85,s2/大一下期末复习.zip/大一下期末复习/大物/大物2018 1答案.pdf
study-s2-physics-c6b936374c8ae864,s2/大一下期末复习.zip/大一下期末复习/大物/2020.pdf
study-s2-physics-cb6c50ee1df79476,s2/大一下期末复习.zip/大一下期末复习/大物/2023A电磁(1).pdf
study-s2-physics-efbde7e09544ed14,s2/大一下期末复习.zip/大一下期末复习/大物/大物2018 2.pdf
study-s2-probability-101feb5a6eaba5dd,s2/大一下期末复习.zip/大一下期末复习/概率论/2024-2025学年春季《概率论与数理统计》期末试卷V1.1（A）【考试版】.pdf
study-s2-probability-1334b535ee83c23e,s2/大一下期末复习.zip/大一下期末复习/概率论/《概率论与数理统计》期末测验试题2答案 - 更新.pdf
study-s2-probability-451d99011df209b5,s2/大一下期末复习.zip/大一下期末复习/概率论/2023-2024 学年春季《概率论与数理统计》期末试卷A.pdf
study-s2-probability-5f5e607db31aada8,s2/大一下期末复习.zip/大一下期末复习/概率论/2020—2021学年《概率论与数理统计》A卷(1).pdf
study-s2-probability-a7dfaf2beb4f155f,s2/大一下期末复习.zip/大一下期末复习/概率论/2025-2026学年春季概率论与数理统计期中试卷A.pdf
study-s2-probability-d5f582f9efde68b4,s2/大一下期末复习.zip/大一下期末复习/概率论/2020—2021学年《概率论与数理统计》B卷.pdf
study-s2-programming-69542effd80181aa,s2/大一下期末复习.zip/大一下期末复习/c艹/C  期中试题.pdf
study-s2-programming-cd29346f86e832fa,s2/大一下期末复习.zip/大一下期末复习/c艹/期末复习2-2 1.pdf
study-s2-programming-ecb1b840316f954b,s2/大一下期末复习.zip/大一下期末复习/c艹/22笔试.pdf
study-s2-programming-efb6bb2d624c4062,s2/大一下期末复习.zip/大一下期末复习/c艹/c艹上机.pdf
study-s2-programming-f076c553a310a022,s2/大一下期末复习.zip/大一下期末复习/c艹/cpp_review_notes_with_code.pdf
